elle_donne_langue_au_chat;0;segs;0.2598971155215356;1.033363567607651;normalement
elle_donne_langue_au_chat;0;segs;1.033363567607651;1.6729608260634772;elle donne
elle_donne_langue_au_chat;0;segs;1.6729608260634772;2.50220610882888;sa langue
elle_donne_langue_au_chat;0;segs;2.50220610882888;3.2645167947791376;au chat
elle_donne_langue_au_chat;0;segs;3.2645167947791376;3.989641593609871;en jouant
