"C 10 cematin_laperte_quil";0;"cematin";0;1.0395002458512599;"ce matin"
"C 10 cematin_laperte_quil";0;"cematin";1.0395002458512599;2.00156222873623;"la perte"
"C 10 cematin_laperte_quil";0;"cematin";2.00156222873623;2.614140470899721;"qu'il"
"C 10 cematin_laperte_quil";0;"cematin";2.614140470899721;3.4191311096402055;"revele"
"C 10 cematin_laperte_quil";0;"cematin";3.4191311096402055;3.7568344995508482;"est"
"C 10 cematin_laperte_quil";0;"cematin";3.7568344995508482;4.381193092525176;"de"
"C 10 cematin_laperte_quil";0;"cematin";4.381193092525176;5.355035426220982;"type"
"C 10 cematin_laperte_quil";0;"cematin";5.355035426220982;6.316;"financier"
