deuxieme_tache_meilleure;0;segs;0.3760274706043008;1.1025961746061408;heureusement
deuxieme_tache_meilleure;0;segs;1.1025961746061408;1.1144424034757359;
deuxieme_tache_meilleure;0;segs;1.1144424034757359;2.28327031860913;la deuxieme tache
deuxieme_tache_meilleure;0;segs;2.28327031860913;3.4718419485251837;est la meilleure