"FIG 6 cest_pisser";0;"C'est";0;0.6158448589068476;"c'est"
"FIG 6 cest_pisser";0;"C'est";0.6158448589068476;1.338875938643644;"pisser"
"FIG 6 cest_pisser";0;"C'est";1.338875938643644;1.8481413078495614;"dans"
"FIG 6 cest_pisser";0;"C'est";1.8481413078495614;2.8289486855794768;"un violon"
"FIG 6 cest_pisser";0;"C'est";2.8289486855794768;3.2879162405428346;"avec"
"FIG 6 cest_pisser";0;"C'est";3.2879162405428346;4.303;"ces idees"
