"FIG 8 cesoir_il_casse";0;"Ce";0;0.9671502370565742;"ce soir"
"FIG 8 cesoir_il_casse";0;"Ce";0.9671502370565742;1.4917691221833846;"il"
"FIG 8 cesoir_il_casse";0;"Ce";1.4917691221833846;2.064080633230814;"casse"
"FIG 8 cesoir_il_casse";0;"Ce";2.064080633230814;3.2598028973834796;"sa pipe"
"FIG 8 cesoir_il_casse";0;"Ce";3.2598028973834796;3.712882843629361;"a"
"FIG 8 cesoir_il_casse";0;"Ce";3.712882843629361;4.663;"l'hopital"
