"FIG 1 aujourdhui_il_a";0;"aujourdhui";0;0.7618796038012386;"aujourd'hui"
"FIG 1 aujourdhui_il_a";0;"aujourdhui";0.7618796038012386;1.197299971632547;"il"
"FIG 1 aujourdhui_il_a";0;"aujourdhui";1.197299971632547;1.557151515294785;"a"
"FIG 1 aujourdhui_il_a";0;"aujourdhui";1.557151515294785;2.3236353032953523;"d'autres"
"FIG 1 aujourdhui_il_a";0;"aujourdhui";2.3236353032953523;3.0181487825634723;"chats"
"FIG 1 aujourdhui_il_a";0;"aujourdhui";3.0181487825634723;3.4175839960285566;"a"
"FIG 1 aujourdhui_il_a";0;"aujourdhui";3.4175839960285566;4.3603950404236205;"fouetter"
"FIG 1 aujourdhui_il_a";0;"aujourdhui";4.3603950404236205;4.799413923691551;"a"
"FIG 1 aujourdhui_il_a";0;"aujourdhui";4.799413923691551;5.788;"son bureau"
