"FIG 3 vendredi_on_met";0;"vendredi";0;0.885139465037114;"vendredi"
"FIG 3 vendredi_on_met";0;"vendredi";0.885139465037114;1.2915684069311144;"on"
"FIG 3 vendredi_on_met";0;"vendredi";1.2915684069311144;1.8968258959387263;"met"
"FIG 3 vendredi_on_met";0;"vendredi";1.8968258959387263;3.352952608623706;"le hola"
"FIG 3 vendredi_on_met";0;"vendredi";3.352952608623706;3.774001296629001;"a"
"FIG 3 vendredi_on_met";0;"vendredi";3.774001296629001;4.703;"ce projet"
