"FIG 9 demain_je_decouvre";0;"Demain";0;0.7400147219205462;"demain"
"FIG 9 demain_je_decouvre";0;"Demain";0.7400147219205462;1.3784801906035247;"je"
"FIG 9 demain_je_decouvre";0;"Demain";1.3784801906035247;2.500228548775702;"decouvre"
"FIG 9 demain_je_decouvre";0;"Demain";2.500228548775702;3.3559496283299715;"le pot"
"FIG 9 demain_je_decouvre";0;"Demain";3.3559496283299715;3.790460850072554;"aux"
"FIG 9 demain_je_decouvre";0;"Demain";3.790460850072554;4.544204806156626;"roses"
"FIG 9 demain_je_decouvre";0;"Demain";4.544204806156626;5.0673917874385115;"a"
"FIG 9 demain_je_decouvre";0;"Demain";5.0673917874385115;6.069;"ce propos"
