"LF 2 ce_weekend_elle";0;"ce";0;0.8324098151387641;"ce weekend"
"LF 2 ce_weekend_elle";0;"ce";0.8324098151387641;1.377036546735379;"elle"
"LF 2 ce_weekend_elle";0;"ce";1.377036546735379;1.8221880762138907;"a"
"LF 2 ce_weekend_elle";0;"ce";1.8221880762138907;2.588147132523285;"le temps"
"LF 2 ce_weekend_elle";0;"ce";2.588147132523285;3.1651033048082833;"de"
"LF 2 ce_weekend_elle";0;"ce";3.1651033048082833;4;"sortir"
