"LF laag 4 surement_ca_vaut";1;"ca";0;0.847695119235578;"surement"
"LF laag 4 surement_ca_vaut";1;"ca";0.847695119235578;1.5024229244430654;"ca"
"LF laag 4 surement_ca_vaut";1;"ca";1.5024229244430654;2.2580999507177864;"vaut"
"LF laag 4 surement_ca_vaut";1;"ca";2.2580999507177864;3.400268280507059;"une mensonge"
"LF laag 4 surement_ca_vaut";1;"ca";3.400268280507059;3.948;"pieux"
