"LF laag 2 le_weekend_elle";0;"le";0;0.8249433974752965;"le weekend"
"LF laag 2 le_weekend_elle";0;"le";0.8249433974752965;1.341582780955983;"elle"
"LF laag 2 le_weekend_elle";0;"le";1.341582780955983;1.8236147416197814;"a"
"LF laag 2 le_weekend_elle";0;"le";1.8236147416197814;2.683856394496714;"l'angoisse"
"LF laag 2 le_weekend_elle";0;"le";2.683856394496714;3.262294747293272;"de"
"LF laag 2 le_weekend_elle";0;"le";3.262294747293272;3.976;"tomber"
