"LF laag 10 cematin_je";0;"Cematin";0;1.058500428937786;"Ce matin"
"LF laag 10 cematin_je";0;"Cematin";1.058500428937786;1.7465682157100748;"je"
"LF laag 10 cematin_je";0;"Cematin";1.7465682157100748;2.4513366769185843;"vois"
"LF laag 10 cematin_je";0;"Cematin";2.4513366769185843;3.5235199757239473;"la chute"
"LF laag 10 cematin_je";0;"Cematin";3.5235199757239473;4.128084390315133;"des"
"LF laag 10 cematin_je";0;"Cematin";4.128084390315133;4.572;"feuilles"
