"LIT 1 cet_apresmidi_elle";0;"cet";0;1.2368434979433598;"cet apres-midi"
"LIT 1 cet_apresmidi_elle";0;"cet";1.2368434979433598;1.8187429660536147;"elle"
"LIT 1 cet_apresmidi_elle";0;"cet";1.8187429660536147;2.281690609191055;"a"
"LIT 1 cet_apresmidi_elle";0;"cet";2.281690609191055;3.0822042421162124;"une faim"
"LIT 1 cet_apresmidi_elle";0;"cet";3.0822042421162124;3.7091125088648296;"de"
"LIT 1 cet_apresmidi_elle";0;"cet";3.7091125088648296;4.1431259243061795;"loup"
"LIT 1 cet_apresmidi_elle";0;"cet";4.1431259243061795;5.171;"malheureusement"
