"LIT 2 ce_matin_il";0;"ce";0;1.0339062089262916;"ce matin"
"LIT 2 ce_matin_il";0;"ce";1.0339062089262916;1.5496123906671075;"il"
"LIT 2 ce_matin_il";0;"ce";1.5496123906671075;2.044551880525743;"rend"
"LIT 2 ce_matin_il";0;"ce";2.044551880525743;2.5637191775802557;"le"
"LIT 2 ce_matin_il";0;"ce";2.5637191775802557;3.3909257375537796;"dernier"
"LIT 2 ce_matin_il";0;"ce";3.3909257375537796;4.301199065056025;"soupir"
"LIT 2 ce_matin_il";0;"ce";4.301199065056025;4.803060785542054;"dans"
"LIT 2 ce_matin_il";0;"ce";4.803060785542054;5.567;"son lit"
