"LIT 4 aujourdhui_il_a";0;"aujourdhui";0;0.7533057763226324;"aujourd'hui"
"LIT 4 aujourdhui_il_a";0;"aujourdhui";0.7533057763226324;1.1947667758025624;"il"
"LIT 4 aujourdhui_il_a";0;"aujourdhui";1.1947667758025624;1.5963736572738876;"a"
"LIT 4 aujourdhui_il_a";0;"aujourdhui";1.5963736572738876;2.494624163160134;"une humeur"
"LIT 4 aujourdhui_il_a";0;"aujourdhui";2.494624163160134;3.092435933289206;"de"
"LIT 4 aujourdhui_il_a";0;"aujourdhui";3.092435933289206;3.76689023805021;"chien"
"LIT 4 aujourdhui_il_a";0;"aujourdhui";3.76689023805021;4.199154133374308;"a"
"LIT 4 aujourdhui_il_a";0;"aujourdhui";4.199154133374308;4.931;"l'ecole"
