"LIT 5 le_weekend_je";0;"le";0;0.8523228648937239;"Le weekend"
"LIT 5 le_weekend_je";0;"le";0.8523228648937239;1.4488350120467635;"je"
"LIT 5 le_weekend_je";0;"le";1.4488350120467635;2.1541229036806513;"fonds"
"LIT 5 le_weekend_je";0;"le";2.1541229036806513;2.5892258816040448;"en"
"LIT 5 le_weekend_je";0;"le";2.5892258816040448;3.224335873572869;"larmes"
"LIT 5 le_weekend_je";0;"le";3.224335873572869;3.624349901663731;"en"
"LIT 5 le_weekend_je";0;"le";3.624349901663731;4.803;"son absence"
