"LIT 9 le_weekend_elle";0;"Le";0;0.8291200845555019;"le weekend"
"LIT 9 le_weekend_elle";0;"Le";0.8291200845555019;1.4001195041205408;"elle"
"LIT 9 le_weekend_elle";0;"Le";1.4001195041205408;1.8129366520493186;"en"
"LIT 9 le_weekend_elle";0;"Le";1.8129366520493186;2.3955103841731082;"fait"
"LIT 9 le_weekend_elle";0;"Le";2.3955103841731082;2.7504559693081325;"tout"
"LIT 9 le_weekend_elle";0;"Le";2.7504559693081325;4.050637080074471;"une melo"
"LIT 9 le_weekend_elle";0;"Le";4.050637080074471;4.691082374992014;"chez"
"LIT 9 le_weekend_elle";0;"Le";4.691082374992014;5.281;"elle"
