"LIT 7 ce_matin_il";0;"Ce";0;1.0028978596460807;"ce matin"
"LIT 7 ce_matin_il";0;"Ce";1.0028978596460807;1.5407121770417895;"il"
"LIT 7 ce_matin_il";0;"Ce";1.5407121770417895;2.1785047970302904;"se"
"LIT 7 ce_matin_il";0;"Ce";2.1785047970302904;2.709424059074772;"tourne"
"LIT 7 ce_matin_il";0;"Ce";2.709424059074772;3.6092287824099003;"les pouces"
"LIT 7 ce_matin_il";0;"Ce";3.6092287824099003;3.988456826727387;"en"
"LIT 7 ce_matin_il";0;"Ce";3.988456826727387;4.719;"classe"
