"LIT 10 actuellement_tu_as";1;"tu";0;0.8584153201518623;"Actuellement"
"LIT 10 actuellement_tu_as";1;"tu";0.8584153201518623;1.3485830371076817;"tu"
"LIT 10 actuellement_tu_as";1;"tu";1.3485830371076817;1.7577312967154317;"as"
"LIT 10 actuellement_tu_as";1;"tu";1.7577312967154317;2.871748835251385;"l'embarras"
"LIT 10 actuellement_tu_as";1;"tu";2.871748835251385;3.4591399010248876;"du"
"LIT 10 actuellement_tu_as";1;"tu";3.4591399010248876;4.095142641207232;"choix"
"LIT 10 actuellement_tu_as";1;"tu";4.095142641207232;4.569106466693437;"au"
"LIT 10 actuellement_tu_as";1;"tu";4.569106466693437;5.545;"magasin"
