"NC 10 cematin_il_revele";0;"cematin";0;1.001077845019148;"ce matin"
"NC 10 cematin_il_revele";0;"cematin";1.001077845019148;1.5591337289017067;"il"
"NC 10 cematin_il_revele";0;"cematin";1.5591337289017067;2.3359728854427684;"revele"
"NC 10 cematin_il_revele";0;"cematin";2.3359728854427684;3.3030583660347026;"la perte"
"NC 10 cematin_il_revele";0;"cematin";3.3030583660347026;4.241606898019006;"financiere"
"NC 10 cematin_il_revele";0;"cematin";4.241606898019006;5.1;"actuelle"
